Expert,"Validity [-2,+2]",Effort [1-3],Confidence [1-3],Scientific Claim,,URL
A,2,2,3,marijuana use is associated with 16% lower fasting insulin levels (18) ‚Äì a factor connected to the onset of diabetes symptoms.,,https://livelovefruit.com/10-benefits-of-cbd-oil/
A,-2,1,1,"""The overwhelming amount of death and disease attributable to tobacco is caused by addiction to cigarettes ‚Äì the only legal consumer product that, when used as intended, will kill half of all long-term users""",,https://www.engadget.com/2017/07/28/fda-change-of-heart-about-e-cigarettes/
A,-2,1,1,"the road map used by ""big tobacco"" will be copied with legal marijuana, and addiction rates for marijuana will increase to those we see for tobacco.",,https://theweek.com/articles/533795/medical-marijuana-curb-heroin-epidemic
A,2,2,3,Preliminary research into cannabis and insomnia suggests that CBD may have therapeutic potential for treating those with insomnia.,,https://livelovefruit.com/10-benefits-of-cbd-oil/
A,2,2,3,cannabis exposure is not associated with liver disease progression in HIV/HCV co-infected patients.,,https://norml.org/news/2017/10/12/study-cannabis-may-be-protective-against-liver-disease
A,2,2,3,subjects who consume cannabis are significantly less likely to suffer from non-alcoholic fatty liver disease (NAFLD) as compared to those who do not.,,https://norml.org/news/2017/10/12/study-cannabis-may-be-protective-against-liver-disease
A,2,1,3,cannabis is helpful rather than harmful for asthma patients (especially if you use the best cannabis delivery method for asthma patients).,,https://www.green-flower.com/articles/322/how-cannabis-treats-asthma
A,-1,3,3,Some areas improved‚Äîadult cigarette smoking dropped 27% from 2009 to 2015 and youth cigarette smoking plummeted 45% over that same period.,,https://www.ajmc.com/newsroom/cdc-reports-mixed-progress-in-fighting-obesity
A,-2,1,1,rates of cancer are highest among children who were exposed in the womb and among those whose parents were exposed before they were conceived.,,https://edition.cnn.com/2015/09/14/health/pesticide-exposure-childhood-cancer/index.html
A,2,2,3,"at three cancer centers in states with medical marijuana laws, 30 percent of pediatric oncology providers surveyed reported receiving inquiries about medical marijuana, and 92 percent expressed willingness to help children with cancer access medical marijuana.",,https://www.cancertodaymag.org/Pages/cancer-talk/Talking-About-Medical-Marijuana.aspx
A,2,2,3,"Brain cancer: In a study of children with brain cancer compared with healthy children, researchers found that if either parent had been exposed to Roundup during the two years before the child's birth, the chances of the child developing brain cancer doubled.",,https://www.ecowatch.com/15-health-problems-linked-to-monsantos-roundup-1882002128.html
A,1,3,2,"children who experience multiple traumas ‚Äî including violence, abuse or a parent‚Äôs struggle with mental illness ‚Äî are more likely than others to suffer heart disease, lung disease, cancer and shortened life spans as adults.",,https://www.nytimes.com/2016/01/03/opinion/sunday/is-the-drive-for-success-making-our-children-sick.html
A,-2,1,3,marijuana-based products can treat or cure cancer.,,https://gizmodo.com/the-fda-is-cracking-down-on-claims-that-weed-cures-canc-1820079760
A,2,2,3,"There are some small randomized controlled trials not focused on cancer patients indicating that whole plant marijuana can relieve pain, but there is ‚Äúlower quality evidence‚Äù surrounding other uses of whole plant marijuana in cancer patients, such as to reduce nausea and vomiting, increase appetite and improve muscle wasting.",,https://www.cancertodaymag.org/Pages/cancer-talk/Talking-About-Medical-Marijuana.aspx
A,-2,1,3,marijuana smoking is not associated with an increased risk of developing lung cancer.,,https://www.mpp.org/marijuana-is-safer/
A,-2,2,3,people who smoked marijuana actually had lower incidences of cancer compared to non-users of the drug.,,https://www.mpp.org/marijuana-is-safer/
A,-2,1,3,cannabis use can help reduce the risk of certain cancers.,,https://newstarget.com/2016-09-21-national-cancer-institute-90-of-population-not-aware-that-alcohol-causes-cancer.html
A,-2,1,3,marijuana does not treat chronic pain or post-traumatic stress disorder.,,https://edition.cnn.com/2017/08/14/health/medical-marijuana-pain-ptsd-study/index.html
A,2,1,3,"marijuana can help battle depression, anxiety, post-traumatic stress disorder, and even addictions to alcohol and painkillers.",,https://www.mensjournal.com/health-fitness/study-marijuana-can-help-battle-depression-anxiety-ptsd-and-addiction-w453012
A,2,1,3,"cannabinoid receptors, through which marijuana exerts its effects, in a key emotional hub in the brain which is involved in regulating anxiety.",,https://www.ibtimes.co.uk/anxiety-chronic-pain-nausea-health-conditions-medical-cannabis-could-help-1581706
A,2,1,3,"medical marijuana shows potential for treating symptoms of PTSD, depression, and social anxiety.",,https://www.medicalnewstoday.com/articles/314159.php
A,2,2,3,"a survey of medical marijuana users in California revealed that 26.1 percent of participants reported therapeutic benefits for depression, and 37.8 percent reported benefits for anxiety.",,https://www.medicalnewstoday.com/articles/314823.php
A,0,1,2,"study demonstrated strong association between psychological distress and older age, low condom use, alcohol use, illicit drug use, as well as verbal abuse and family violence.",,https://equityhealthj.biomedcentral.com/articles/10.1186/s12939-016-0342-8
A,1,1,3,"consistent cannabis use can impair short-term memory, decrease alertness, lower reaction time, accelerate muscle fatigue (leading to a shorter exercise sesh), or even cause cardiovascular disease.",,https://greatist.com/play/marijuana-effects-on-runners
A,-1,3,1,ingesting cannabis mimics the very natural process of increasing exercise-induced endocannabinoids,,https://greatist.com/play/marijuana-effects-on-runners
A,0,1,2,"‚ÄúWe do know that components of marijuana like THC have shown results for modest pain relief, but that‚Äôs a very different conclusion than saying marijuana, which has hundred of components, is good for that‚Äù",,https://gethighngetnaked.blogspot.com/2018/03/marijuana-could-treat-chronic-pain.html
A,1,1,2,weed can help treat conditions like chronic pain and the side effects of chemotherapy.,,https://gizmodo.com/the-fda-is-cracking-down-on-claims-that-weed-cures-canc-1820079760
A,1,2,2,"prior cannabis use is associated with decreased in-hospital mortality among trauma patients, heart attack patients, and those requiring surgery for traumatic brain injuries.",,https://norml.org/news/2018/03/29/study-marijuana-use-associated-with-decreased-mortality-among-patients-undergoing-orthopedic-surgeries
A,-2,1,1,smoking tobacco and drinking alcohol during pregnancy may also increase the child's risk of developing the disorder.,,https://www.medicalnewstoday.com/articles/315359.php
A,-2,3,2,mothers who smoke while pregnant increase their child‚Äôs risk for developing ADHD; women who drink alcohol and use drugs during pregnancy also put their child at risk for the disorder.,,https://www.healthline.com/health/adhd/genetic
A,-2,2,3,cannabis is helpful rather than harmful for asthma patients.,,https://karmayogadaily.com/2016/12/03/how-cannabis-treats-asthma/
A,-1,2,2,"Looking at children exposed to RA in the womb (clinical RA), researchers found that they had up to 90% more risk of developing epilepsy in early childhood than children whose mothers did not have RA.",,https://www.epilepsyresearch.org.uk/children-whose-mothers-have-rheumatoid-arthritis-are-at-higher-risk-of-developing-childhood-epilepsy/
A,1,1,3,excessive Social Networking Sites use is associated with depressive symptoms.,,https://www.elynsgroup.com/journal/j-add-pre-med/article/depression-among-users-of-social-networking-sites-snss-the-role-of-sns-addiction-and-increased-usage
A,2,3,3,intoxication with alcohol is more likely to lead to aggression compared to cannabis intoxication.,,https://www.psypost.org/2016/12/study-alcohol-amplifies-aggression-cannabis-diminishes-46515
A,2,3,3,"among individuals who were chronic partner abusers, the use of alcohol was associated with significant increases in the daily likelihood of male-to-female physical aggression, but the use of marijuana was not.",,https://www.mpp.org/marijuana-is-safer/
A,-2,1,3,vaccines cause autism,,https://www.businessinsider.com/trump-vaccines-autism-2016-11
A,-2,2,3,autism linked to mercury in vaccines,,https://fox13now.com/2015/04/06/pediatricians-dont-read-the-science-robert-f-kennedy-jr-says-autism-linked-to-mercury-in-vaccines/
A,-1,3,2,Flu vaccine in pregnant women not linked to autism risk in children,,https://www.aappublications.org/news/2016/11/29/Autism112916
A,-1,3,2,No link between flu or flu vaccine in pregnancy and autism,,https://www.nydailynews.com/life-style/health/no-link-flu-flu-vaccine-pregnancy-autism-article-1.2893196
A,2,2,3,no link between abortion and breast cancer.,,https://www.buzzfeednews.com/article/azeenghorayshi/new-abortion-pamphlet-in-texas-pushes-false-health-risks-exp
B,2,2,3,marijuana use is associated with 16% lower fasting insulin levels (18) ‚Äì a factor connected to the onset of diabetes symptoms.,,https://livelovefruit.com/10-benefits-of-cbd-oil/
B,2,1,3,"""The overwhelming amount of death and disease attributable to tobacco is caused by addiction to cigarettes ‚Äì the only legal consumer product that, when used as intended, will kill half of all long-term users""",,https://www.engadget.com/2017/07/28/fda-change-of-heart-about-e-cigarettes/
B,-2,1,2,"the road map used by ""big tobacco"" will be copied with legal marijuana, and addiction rates for marijuana will increase to those we see for tobacco.",,https://theweek.com/articles/533795/medical-marijuana-curb-heroin-epidemic
B,2,1,2,Preliminary research into cannabis and insomnia suggests that CBD may have therapeutic potential for treating those with insomnia.,,https://livelovefruit.com/10-benefits-of-cbd-oil/
B,2,1,2,cannabis exposure is not associated with liver disease progression in HIV/HCV co-infected patients.,,https://norml.org/news/2017/10/12/study-cannabis-may-be-protective-against-liver-disease
B,2,2,3,subjects who consume cannabis are significantly less likely to suffer from non-alcoholic fatty liver disease (NAFLD) as compared to those who do not.,,https://norml.org/news/2017/10/12/study-cannabis-may-be-protective-against-liver-disease
B,2,2,3,cannabis is helpful rather than harmful for asthma patients (especially if you use the best cannabis delivery method for asthma patients).,,https://www.green-flower.com/articles/322/how-cannabis-treats-asthma
B,2,3,2,Some areas improved‚Äîadult cigarette smoking dropped 27% from 2009 to 2015 and youth cigarette smoking plummeted 45% over that same period.,,https://www.ajmc.com/newsroom/cdc-reports-mixed-progress-in-fighting-obesity
B,2,3,1,rates of cancer are highest among children who were exposed in the womb and among those whose parents were exposed before they were conceived.,,https://edition.cnn.com/2015/09/14/health/pesticide-exposure-childhood-cancer/index.html
B,2,3,3,"at three cancer centers in states with medical marijuana laws, 30 percent of pediatric oncology providers surveyed reported receiving inquiries about medical marijuana, and 92 percent expressed willingness to help children with cancer access medical marijuana.",,https://www.cancertodaymag.org/Pages/cancer-talk/Talking-About-Medical-Marijuana.aspx
B,2,3,2,"Brain cancer: In a study of children with brain cancer compared with healthy children, researchers found that if either parent had been exposed to Roundup during the two years before the child's birth, the chances of the child developing brain cancer doubled.",,https://www.ecowatch.com/15-health-problems-linked-to-monsantos-roundup-1882002128.html
B,2,2,3,"children who experience multiple traumas ‚Äî including violence, abuse or a parent‚Äôs struggle with mental illness ‚Äî are more likely than others to suffer heart disease, lung disease, cancer and shortened life spans as adults.",,https://www.nytimes.com/2016/01/03/opinion/sunday/is-the-drive-for-success-making-our-children-sick.html
B,,,,marijuana-based products can treat or cure cancer.,,https://gizmodo.com/the-fda-is-cracking-down-on-claims-that-weed-cures-canc-1820079760
B,,,,"There are some small randomized controlled trials not focused on cancer patients indicating that whole plant marijuana can relieve pain, but there is ‚Äúlower quality evidence‚Äù surrounding other uses of whole plant marijuana in cancer patients, such as to reduce nausea and vomiting, increase appetite and improve muscle wasting.",,https://www.cancertodaymag.org/Pages/cancer-talk/Talking-About-Medical-Marijuana.aspx
B,,,,marijuana smoking is not associated with an increased risk of developing lung cancer.,,https://www.mpp.org/marijuana-is-safer/
B,,,,people who smoked marijuana actually had lower incidences of cancer compared to non-users of the drug.,,https://www.mpp.org/marijuana-is-safer/
B,,,,cannabis use can help reduce the risk of certain cancers.,,https://newstarget.com/2016-09-21-national-cancer-institute-90-of-population-not-aware-that-alcohol-causes-cancer.html
B,,,,marijuana does not treat chronic pain or post-traumatic stress disorder.,,https://edition.cnn.com/2017/08/14/health/medical-marijuana-pain-ptsd-study/index.html
B,,,,"marijuana can help battle depression, anxiety, post-traumatic stress disorder, and even addictions to alcohol and painkillers.",,https://www.mensjournal.com/health-fitness/study-marijuana-can-help-battle-depression-anxiety-ptsd-and-addiction-w453012
B,,,,"cannabinoid receptors, through which marijuana exerts its effects, in a key emotional hub in the brain which is involved in regulating anxiety.",,https://www.ibtimes.co.uk/anxiety-chronic-pain-nausea-health-conditions-medical-cannabis-could-help-1581706
B,,,,"medical marijuana shows potential for treating symptoms of PTSD, depression, and social anxiety.",,https://www.medicalnewstoday.com/articles/314159.php
B,,,,"a survey of medical marijuana users in California revealed that 26.1 percent of participants reported therapeutic benefits for depression, and 37.8 percent reported benefits for anxiety.",,https://www.medicalnewstoday.com/articles/314823.php
B,,,,"study demonstrated strong association between psychological distress and older age, low condom use, alcohol use, illicit drug use, as well as verbal abuse and family violence.",,https://equityhealthj.biomedcentral.com/articles/10.1186/s12939-016-0342-8
B,,,,"consistent cannabis use can impair short-term memory, decrease alertness, lower reaction time, accelerate muscle fatigue (leading to a shorter exercise sesh), or even cause cardiovascular disease.",,https://greatist.com/play/marijuana-effects-on-runners
B,,,,ingesting cannabis mimics the very natural process of increasing exercise-induced endocannabinoids,,https://greatist.com/play/marijuana-effects-on-runners
B,,,,"‚ÄúWe do know that components of marijuana like THC have shown results for modest pain relief, but that‚Äôs a very different conclusion than saying marijuana, which has hundred of components, is good for that‚Äù",,https://gethighngetnaked.blogspot.com/2018/03/marijuana-could-treat-chronic-pain.html
B,,,,weed can help treat conditions like chronic pain and the side effects of chemotherapy.,,https://gizmodo.com/the-fda-is-cracking-down-on-claims-that-weed-cures-canc-1820079760
B,,,,"prior cannabis use is associated with decreased in-hospital mortality among trauma patients, heart attack patients, and those requiring surgery for traumatic brain injuries.",,https://norml.org/news/2018/03/29/study-marijuana-use-associated-with-decreased-mortality-among-patients-undergoing-orthopedic-surgeries
B,,,,smoking tobacco and drinking alcohol during pregnancy may also increase the child's risk of developing the disorder.,,https://www.medicalnewstoday.com/articles/315359.php
B,,,,mothers who smoke while pregnant increase their child‚Äôs risk for developing ADHD; women who drink alcohol and use drugs during pregnancy also put their child at risk for the disorder.,,https://www.healthline.com/health/adhd/genetic
B,,,,cannabis is helpful rather than harmful for asthma patients.,,https://karmayogadaily.com/2016/12/03/how-cannabis-treats-asthma/
B,,,,"Looking at children exposed to RA in the womb (clinical RA), researchers found that they had up to 90% more risk of developing epilepsy in early childhood than children whose mothers did not have RA.",,https://www.epilepsyresearch.org.uk/children-whose-mothers-have-rheumatoid-arthritis-are-at-higher-risk-of-developing-childhood-epilepsy/
B,,,,excessive Social Networking Sites use is associated with depressive symptoms.,,https://www.elynsgroup.com/journal/j-add-pre-med/article/depression-among-users-of-social-networking-sites-snss-the-role-of-sns-addiction-and-increased-usage
B,,,,intoxication with alcohol is more likely to lead to aggression compared to cannabis intoxication.,,https://www.psypost.org/2016/12/study-alcohol-amplifies-aggression-cannabis-diminishes-46515
B,,,,"among individuals who were chronic partner abusers, the use of alcohol was associated with significant increases in the daily likelihood of male-to-female physical aggression, but the use of marijuana was not.",,https://www.mpp.org/marijuana-is-safer/
B,,,,vaccines cause autism,,https://www.businessinsider.com/trump-vaccines-autism-2016-11
B,,,,autism linked to mercury in vaccines,,https://fox13now.com/2015/04/06/pediatricians-dont-read-the-science-robert-f-kennedy-jr-says-autism-linked-to-mercury-in-vaccines/
B,,,,Flu vaccine in pregnant women not linked to autism risk in children,,https://www.aappublications.org/news/2016/11/29/Autism112916
B,,,,No link between flu or flu vaccine in pregnancy and autism,,https://www.nydailynews.com/life-style/health/no-link-flu-flu-vaccine-pregnancy-autism-article-1.2893196
B,,,,no link between abortion and breast cancer.,,https://www.buzzfeednews.com/article/azeenghorayshi/new-abortion-pamphlet-in-texas-pushes-false-health-risks-exp